{"cameraMode":{"drawMode":0,"name":"Shaded","section":"Shading Mode"},"sceneLighting":false,"audioPlay":false,"sceneViewState":{"m_AlwaysRefresh":false,"showFog":true,"showSkybox":false,"showFlares":true,"showImageEffects":true,"showParticleSystems":true,"showVisualEffectGraphs":true,"m_FxEnabled":true},"in2DMode":false,"pivot":{"x":-0.000003844499588012695,"y":-0.000001430511474609375,"z":0.000014990568161010742},"rotation":{"x":0.05831029266119003,"y":-0.9158731698989868,"z":0.14245443046092988,"w":0.3715118169784546},"size":1.0114517211914063,"orthographic":true}